,realtime_start,realtime_end,date,value,delta column,,
0,1/11/22,1/11/22,1/1/82,5.5055003,0,,
1,1/11/22,1/11/22,2/1/82,5.3930441,0.1124562,,
2,1/11/22,1/11/22,3/1/82,5.0208494,0.3721947,,
3,1/11/22,1/11/22,4/1/82,5.0834553,0.0626059,,
4,1/11/22,1/11/22,5/1/82,5.0989671,0.0155118,,
5,1/11/22,1/11/22,6/1/82,5.0177154,0.0812517,,
6,1/11/22,1/11/22,7/1/82,5.2491487,0.2314333,,
7,1/11/22,1/11/22,8/1/82,5.079701,0.1694477,,
8,1/11/22,1/11/22,9/1/82,5.1319412,0.0522402,,
9,1/11/22,1/11/22,10/1/82,4.8481475,0.2837937,,
10,1/11/22,1/11/22,11/1/82,4.3343021,0.5138454,,
11,1/11/22,1/11/22,12/1/82,4.4637009,0.1293988,,
12,1/11/22,1/11/22,1/1/83,4.3293305,0.1343704,,
13,1/11/22,1/11/22,2/1/83,4.4638066,0.1344761,,
14,1/11/22,1/11/22,3/1/83,4.2740217,0.1897849,,
15,1/11/22,1/11/22,4/1/83,4.3548918,0.0808701,,
16,1/11/22,1/11/22,5/1/83,4.1852563,0.1696355,,
17,1/11/22,1/11/22,6/1/83,4.3619048,0.1766485,,
18,1/11/22,1/11/22,7/1/83,4.4527867,0.0908819,,
19,1/11/22,1/11/22,8/1/83,4.5600865,0.1072998,,
20,1/11/22,1/11/22,9/1/83,4.6437242,0.0836377,,
21,1/11/22,1/11/22,10/1/83,4.5333088,0.1104154,,
22,1/11/22,1/11/22,11/1/83,4.6111113,0.0778025,,
23,1/11/22,1/11/22,12/1/83,4.6290545,0.0179432,,
24,1/11/22,1/11/22,1/1/84,4.5983699,0.0306846,,
25,1/11/22,1/11/22,2/1/84,4.5857659,0.012604,,
26,1/11/22,1/11/22,3/1/84,4.7111995,0.1254336,,
27,1/11/22,1/11/22,4/1/84,4.8006745,0.089475,,
28,1/11/22,1/11/22,5/1/84,4.9107957,0.1101212,,
29,1/11/22,1/11/22,6/1/84,5.1489609,0.2381652,,
30,1/11/22,1/11/22,7/1/84,5.1376495,0.0113114,,
31,1/11/22,1/11/22,8/1/84,4.9032979,0.2343516,,
32,1/11/22,1/11/22,9/1/84,4.9180151,0.0147172,,
33,1/11/22,1/11/22,10/1/84,4.7077972,0.2102179,,
34,1/11/22,1/11/22,11/1/84,4.5753215,0.1324757,,
35,1/11/22,1/11/22,12/1/84,4.5964624,0.0211409,,
36,1/11/22,1/11/22,1/1/85,4.6651328,0.0686704,,
37,1/11/22,1/11/22,2/1/85,4.6157904,0.0493424,,
38,1/11/22,1/11/22,3/1/85,4.7866083,0.1708179,,
39,1/11/22,1/11/22,4/1/85,4.5828639,0.2037444,,
40,1/11/22,1/11/22,5/1/85,4.5661078,0.0167561,,
41,1/11/22,1/11/22,6/1/85,4.2417009,0.3244069,,
42,1/11/22,1/11/22,7/1/85,4.2240023,0.0176986,,
43,1/11/22,1/11/22,8/1/85,4.3536227,0.1296204,,
44,1/11/22,1/11/22,9/1/85,4.2747397,0.078883,,
45,1/11/22,1/11/22,10/1/85,4.2698061,0.0049336,,
46,1/11/22,1/11/22,11/1/85,4.176905,0.0929011,,
47,1/11/22,1/11/22,12/1/85,4.0756695,0.1012355,,
48,1/11/22,1/11/22,1/1/86,3.8962323,0.1794372,,
49,1/11/22,1/11/22,2/1/86,3.8732355,0.0229968,,
50,1/11/22,1/11/22,3/1/86,3.5667106,0.3065249,,
51,1/11/22,1/11/22,4/1/86,3.4357499,0.1309607,,
52,1/11/22,1/11/22,5/1/86,3.4908201,0.0550702,,
53,1/11/22,1/11/22,6/1/86,3.7330732,0.2422531,,
54,1/11/22,1/11/22,7/1/86,3.518008,0.2150652,,
55,1/11/22,1/11/22,8/1/86,3.4958012,0.0222068,,
56,1/11/22,1/11/22,9/1/86,3.3307631,0.1650381,,
57,1/11/22,1/11/22,10/1/86,3.4980704,0.1673073,,
58,1/11/22,1/11/22,11/1/86,3.4439357,0.0541347,,
59,1/11/22,1/11/22,12/1/86,3.3600394,0.0838963,,
60,1/11/22,1/11/22,1/1/87,3.406578,0.0465386,,
61,1/11/22,1/11/22,2/1/87,3.4005191,0.0060589,,
62,1/11/22,1/11/22,3/1/87,3.3001938,0.1003253,,
63,1/11/22,1/11/22,4/1/87,3.4835742,0.1833804,,
64,1/11/22,1/11/22,5/1/87,3.7741394,0.2905652,,
65,1/11/22,1/11/22,6/1/87,3.6999951,0.0741443,,
66,1/11/22,1/11/22,7/1/87,3.7574765,0.0574814,,
67,1/11/22,1/11/22,8/1/87,3.8187524,0.0612759,,
68,1/11/22,1/11/22,9/1/87,3.894463,0.0757106,,
69,1/11/22,1/11/22,10/1/87,3.9679373,0.0734743,,
70,1/11/22,1/11/22,11/1/87,3.9369675,0.0309698,,
71,1/11/22,1/11/22,12/1/87,4.0051581,0.0681906,,
72,1/11/22,1/11/22,1/1/88,3.9902773,0.0148808,,
73,1/11/22,1/11/22,2/1/88,3.6626902,0.3275871,,
74,1/11/22,1/11/22,3/1/88,3.637629,0.0250612,,
75,1/11/22,1/11/22,4/1/88,3.7971289,0.1594999,,
76,1/11/22,1/11/22,5/1/88,3.8197933,0.0226644,,
77,1/11/22,1/11/22,6/1/88,3.8887441,0.0689508,,
78,1/11/22,1/11/22,7/1/88,3.8333582,0.0553859,,
79,1/11/22,1/11/22,8/1/88,3.831602,0.0017562,,
80,1/11/22,1/11/22,9/1/88,3.8975801,0.0659781,,
81,1/11/22,1/11/22,10/1/88,3.7997438,0.0978363,,
82,1/11/22,1/11/22,11/1/88,3.7658384,0.0339054,,
83,1/11/22,1/11/22,12/1/88,3.8561848,0.0903464,,
84,1/11/22,1/11/22,1/1/89,3.9972969,0.1411121,,
85,1/11/22,1/11/22,2/1/89,3.9157227,0.0815742,,
86,1/11/22,1/11/22,3/1/89,4.0257663,0.1100436,,
87,1/11/22,1/11/22,4/1/89,3.9605236,0.0652427,,
88,1/11/22,1/11/22,5/1/89,3.8086018,0.1519218,,
89,1/11/22,1/11/22,6/1/89,3.7160731,0.0925287,,
90,1/11/22,1/11/22,7/1/89,3.5374284,0.1786447,,
91,1/11/22,1/11/22,8/1/89,3.4095281,0.1279003,,
92,1/11/22,1/11/22,9/1/89,3.5985407,0.1890126,,
93,1/11/22,1/11/22,10/1/89,3.6124554,0.0139147,,
94,1/11/22,1/11/22,11/1/89,3.5090735,0.1033819,,
95,1/11/22,1/11/22,12/1/89,3.5042538,0.0048197,,
96,1/11/22,1/11/22,1/1/90,3.5869212,0.0826674,,
97,1/11/22,1/11/22,2/1/90,3.7293692,0.142448,,
98,1/11/22,1/11/22,3/1/90,3.7307046,0.0013354,,
99,1/11/22,1/11/22,4/1/90,3.7235135,0.0071911,,
100,1/11/22,1/11/22,5/1/90,3.8722589,0.1487454,,
101,1/11/22,1/11/22,6/1/90,3.7258161,0.1464428,,
102,1/11/22,1/11/22,7/1/90,3.6500254,0.0757907,,
103,1/11/22,1/11/22,8/1/90,3.618247,0.0317784,,
104,1/11/22,1/11/22,9/1/90,3.8037562,0.1855092,,
105,1/11/22,1/11/22,10/1/90,3.723055,0.0807012,,
106,1/11/22,1/11/22,11/1/90,3.7200802,0.0029748,,
107,1/11/22,1/11/22,12/1/90,3.6181044,0.1019758,,
108,1/11/22,1/11/22,1/1/91,3.6142155,0.0038889,,
109,1/11/22,1/11/22,2/1/91,3.5579542,0.0562613,,
110,1/11/22,1/11/22,3/1/91,3.6790354,0.1210812,,
111,1/11/22,1/11/22,4/1/91,3.5889996,0.0900358,,
112,1/11/22,1/11/22,5/1/91,3.6138325,0.0248329,,
113,1/11/22,1/11/22,6/1/91,3.6874573,0.0736248,,
114,1/11/22,1/11/22,7/1/91,3.6942461,0.0067888,,
115,1/11/22,1/11/22,8/1/91,3.6694333,0.0248128,,
116,1/11/22,1/11/22,9/1/91,3.5395061,0.1299272,,
117,1/11/22,1/11/22,10/1/91,3.4571108,0.0823953,,
118,1/11/22,1/11/22,11/1/91,3.4328251,0.0242857,,
119,1/11/22,1/11/22,12/1/91,3.3834438,0.0493813,,
120,1/11/22,1/11/22,1/1/92,3.2916933,0.0917505,,
121,1/11/22,1/11/22,2/1/92,3.4630855,0.1713922,,
122,1/11/22,1/11/22,3/1/92,3.4797051,0.0166196,,
123,1/11/22,1/11/22,4/1/92,3.5145048,0.0347997,,
124,1/11/22,1/11/22,5/1/92,3.5417892,0.0272844,,
125,1/11/22,1/11/22,6/1/92,3.4636754,0.0781138,,
126,1/11/22,1/11/22,7/1/92,3.3590991,0.1045763,,
127,1/11/22,1/11/22,8/1/92,3.2576814,0.1014177,,
128,1/11/22,1/11/22,9/1/92,3.1724765,0.0852049,,
129,1/11/22,1/11/22,10/1/92,3.0763575,0.096119,,
130,1/11/22,1/11/22,11/1/92,3.2833165,0.206959,,
131,1/11/22,1/11/22,12/1/92,3.364009,0.0806925,,
132,1/11/22,1/11/22,1/1/93,3.2731242,0.0908848,,
133,1/11/22,1/11/22,2/1/93,3.1605471,0.1125771,,
134,1/11/22,1/11/22,3/1/93,3.0099979,0.1505492,,
135,1/11/22,1/11/22,4/1/93,3.0543887,0.0443908,,
136,1/11/22,1/11/22,5/1/93,3.013758,0.0406307,,
137,1/11/22,1/11/22,6/1/93,3.0038921,0.0098659,,
138,1/11/22,1/11/22,7/1/93,2.9614798,0.0424123,,
139,1/11/22,1/11/22,8/1/93,2.9997294,0.0382496,,
140,1/11/22,1/11/22,9/1/93,2.8843251,0.1154043,,
141,1/11/22,1/11/22,10/1/93,2.8820187,0.0023064,,
142,1/11/22,1/11/22,11/1/93,2.9345111,0.0524924,,
143,1/11/22,1/11/22,12/1/93,2.9978833,0.0633722,,
144,1/11/22,1/11/22,1/1/94,3.0226176,0.0247343,,
145,1/11/22,1/11/22,2/1/94,2.9820707,0.0405469,,
146,1/11/22,1/11/22,3/1/94,3.1561665,0.1740958,,
147,1/11/22,1/11/22,4/1/94,3.3849852,0.2288187,,
148,1/11/22,1/11/22,5/1/94,3.3611094,0.0238758,,
149,1/11/22,1/11/22,6/1/94,3.3900644,0.028955,,
150,1/11/22,1/11/22,7/1/94,3.4897425,0.0996781,,
151,1/11/22,1/11/22,8/1/94,3.3532364,0.1365061,,
152,1/11/22,1/11/22,9/1/94,3.3826395,0.0294031,,
153,1/11/22,1/11/22,10/1/94,3.5294357,0.1467962,,
154,1/11/22,1/11/22,11/1/94,3.6202126,0.0907769,,
155,1/11/22,1/11/22,12/1/94,3.6322068,0.0119942,,
156,1/11/22,1/11/22,1/1/95,3.6848029,0.0525961,,
157,1/11/22,1/11/22,2/1/95,3.6098762,0.0749267,,
158,1/11/22,1/11/22,3/1/95,3.4513165,0.1585597,,
159,1/11/22,1/11/22,4/1/95,3.4052354,0.0460811,,
160,1/11/22,1/11/22,5/1/95,3.2379292,0.1673062,,
161,1/11/22,1/11/22,6/1/95,2.9951953,0.2427339,,
162,1/11/22,1/11/22,7/1/95,3.0444349,0.0492396,,
163,1/11/22,1/11/22,8/1/95,3.1175988,0.0731639,,
164,1/11/22,1/11/22,9/1/95,3.0773826,0.0402162,,
165,1/11/22,1/11/22,10/1/95,3.0390154,0.0383672,,
166,1/11/22,1/11/22,11/1/95,3.0063913,0.0326241,,
167,1/11/22,1/11/22,12/1/95,2.8567435,0.1496478,,
168,1/11/22,1/11/22,1/1/96,2.8862696,0.0295261,,
169,1/11/22,1/11/22,2/1/96,2.8805479,0.0057217,,
170,1/11/22,1/11/22,3/1/96,2.9718373,0.0912894,,
171,1/11/22,1/11/22,4/1/96,3.0706824,0.0988451,,
172,1/11/22,1/11/22,5/1/96,3.2061012,0.1354188,,
173,1/11/22,1/11/22,6/1/96,3.2843339,0.0782327,,
174,1/11/22,1/11/22,7/1/96,3.1962466,0.0880873,,
175,1/11/22,1/11/22,8/1/96,3.2042193,0.0079727,,
176,1/11/22,1/11/22,9/1/96,3.2752392,0.0710199,,
177,1/11/22,1/11/22,10/1/96,3.2094561,0.0657831,,
178,1/11/22,1/11/22,11/1/96,3.1489546,0.0605015,,
179,1/11/22,1/11/22,12/1/96,3.0220262,0.1269284,,
180,1/11/22,1/11/22,1/1/97,3.1856403,0.1636141,,
181,1/11/22,1/11/22,2/1/97,3.1838722,0.0017681,,
182,1/11/22,1/11/22,3/1/97,3.1925173,0.0086451,,
183,1/11/22,1/11/22,4/1/97,3.2889213,0.096404,,
184,1/11/22,1/11/22,5/1/97,3.2361152,0.0528061,,
185,1/11/22,1/11/22,6/1/97,3.2298343,0.0062809,,
186,1/11/22,1/11/22,7/1/97,3.1475062,0.0823281,,
187,1/11/22,1/11/22,8/1/97,3.1049529,0.0425533,,
188,1/11/22,1/11/22,9/1/97,3.1017267,0.0032262,,
189,1/11/22,1/11/22,10/1/97,3.0858114,0.0159153,,
190,1/11/22,1/11/22,11/1/97,3.0686689,0.0171425,,
191,1/11/22,1/11/22,12/1/97,2.9822237,0.0864452,,
192,1/11/22,1/11/22,1/1/98,2.9571113,0.0251124,,
193,1/11/22,1/11/22,2/1/98,2.9319169,0.0251944,,
194,1/11/22,1/11/22,3/1/98,2.9441936,0.0122767,,
195,1/11/22,1/11/22,4/1/98,2.9363848,0.0078088,,
196,1/11/22,1/11/22,5/1/98,2.9820842,0.0456994,,
197,1/11/22,1/11/22,6/1/98,2.9390768,0.0430074,,
198,1/11/22,1/11/22,7/1/98,2.9393587,0.0002819,,
199,1/11/22,1/11/22,8/1/98,2.929398,0.0099607,,
200,1/11/22,1/11/22,9/1/98,2.7900002,0.1393978,,
201,1/11/22,1/11/22,10/1/98,2.5233646,0.2666356,,
202,1/11/22,1/11/22,11/1/98,2.6387795,0.1154149,,
203,1/11/22,1/11/22,12/1/98,2.6027098,0.0360697,,
204,1/11/22,1/11/22,1/1/99,2.6713034,0.0685936,,
205,1/11/22,1/11/22,2/1/99,2.7023039,0.0310005,,
206,1/11/22,1/11/22,3/1/99,2.8234877,0.1211838,,
207,1/11/22,1/11/22,4/1/99,2.8282646,0.0047769,,
208,1/11/22,1/11/22,5/1/99,2.8736136,0.045349,,
209,1/11/22,1/11/22,6/1/99,2.9580206,0.084407,,
210,1/11/22,1/11/22,7/1/99,3.0051763,0.0471557,,
211,1/11/22,1/11/22,8/1/99,3.0416103,0.036434,,
212,1/11/22,1/11/22,9/1/99,3.079371,0.0377607,,
213,1/11/22,1/11/22,10/1/99,3.1078989,0.0285279,,
214,1/11/22,1/11/22,11/1/99,3.1147291,0.0068302,,
215,1/11/22,1/11/22,12/1/99,3.1655975,0.0508684,,
216,1/11/22,1/11/22,1/1/00,3.2126516,0.0470541,,
217,1/11/22,1/11/22,2/1/00,3.2716446,0.058993,,
218,1/11/22,1/11/22,3/1/00,3.2498615,0.0217831,,
219,1/11/22,1/11/22,4/1/00,3.1258905,0.123971,,
220,1/11/22,1/11/22,5/1/00,3.1981089,0.0722184,,
221,1/11/22,1/11/22,6/1/00,3.2329537,0.0348448,,
222,1/11/22,1/11/22,7/1/00,3.0533313,0.1796224,,
223,1/11/22,1/11/22,8/1/00,3.0312058,0.0221255,,
224,1/11/22,1/11/22,9/1/00,2.9647909,0.0664149,,
225,1/11/22,1/11/22,10/1/00,2.9437164,0.0210745,,
226,1/11/22,1/11/22,11/1/00,2.9416401,0.0020763,,
227,1/11/22,1/11/22,12/1/00,2.8733673,0.0682728,,
228,1/11/22,1/11/22,1/1/01,2.6034959,0.2698714,,
229,1/11/22,1/11/22,2/1/01,2.7057933,0.1022974,,
230,1/11/22,1/11/22,3/1/01,2.6003036,0.1054897,,
231,1/11/22,1/11/22,4/1/01,2.6615774,0.0612738,,
232,1/11/22,1/11/22,5/1/01,2.8049112,0.1433338,,
233,1/11/22,1/11/22,6/1/01,2.8766237,0.0717125,,
234,1/11/22,1/11/22,7/1/01,2.8442856,0.0323381,,
235,1/11/22,1/11/22,8/1/01,2.747592,0.0966936,,
236,1/11/22,1/11/22,9/1/01,2.7817915,0.0341995,,
237,1/11/22,1/11/22,10/1/01,2.6317991,0.1499924,,
238,1/11/22,1/11/22,11/1/01,2.5312137,0.1005854,,
239,1/11/22,1/11/22,12/1/01,2.7120479,0.1808342,,
240,1/11/22,1/11/22,1/1/02,2.8553311,0.1432832,,
241,1/11/22,1/11/22,2/1/02,2.7968914,0.0584397,,
242,1/11/22,1/11/22,3/1/02,2.7951438,0.0017476,,
243,1/11/22,1/11/22,4/1/02,2.9792551,0.1841113,,
244,1/11/22,1/11/22,5/1/02,2.8460744,0.1331807,,
245,1/11/22,1/11/22,6/1/02,2.8047216,0.0413528,,
246,1/11/22,1/11/22,7/1/02,2.7358389,0.0688827,,
247,1/11/22,1/11/22,8/1/02,2.531779,0.2040599,,
248,1/11/22,1/11/22,9/1/02,2.3895553,0.1422237,,
249,1/11/22,1/11/22,10/1/02,2.3101835,0.0793718,,
250,1/11/22,1/11/22,11/1/02,2.3717912,0.0616077,,
251,1/11/22,1/11/22,12/1/02,2.4875401,0.1157489,,
252,1/11/22,1/11/22,1/1/03,2.4108174,0.0767227,,
253,1/11/22,1/11/22,2/1/03,2.4112355,0.0004181,,
254,1/11/22,1/11/22,3/1/03,2.2798488,0.1313867,,
255,1/11/22,1/11/22,4/1/03,2.3069603,0.0271115,,
256,1/11/22,1/11/22,5/1/03,2.3136372,0.0066769,,
257,1/11/22,1/11/22,6/1/03,2.1822159,0.1314213,,
258,1/11/22,1/11/22,7/1/03,2.2044109,0.022195,,
259,1/11/22,1/11/22,8/1/03,2.4591668,0.2547559,,
260,1/11/22,1/11/22,9/1/03,2.5436754,0.0845086,,
261,1/11/22,1/11/22,10/1/03,2.309369,0.2343064,,
262,1/11/22,1/11/22,11/1/03,2.4581108,0.1487418,,
263,1/11/22,1/11/22,12/1/03,2.5094714,0.0513606,,
264,1/11/22,1/11/22,1/1/04,2.4810995,0.0283719,,
265,1/11/22,1/11/22,2/1/04,2.4441096,0.0369899,,
266,1/11/22,1/11/22,3/1/04,2.3678409,0.0762687,,
267,1/11/22,1/11/22,4/1/04,2.3429567,0.0248842,,
268,1/11/22,1/11/22,5/1/04,2.5847383,0.2417816,,
269,1/11/22,1/11/22,6/1/04,2.6648141,0.0800758,,
270,1/11/22,1/11/22,7/1/04,2.6216976,0.0431165,,
271,1/11/22,1/11/22,8/1/04,2.5920939,0.0296037,,
272,1/11/22,1/11/22,9/1/04,2.4824742,0.1096197,,
273,1/11/22,1/11/22,10/1/04,2.4971852,0.014711,,
274,1/11/22,1/11/22,11/1/04,2.4566269,0.0405583,,
275,1/11/22,1/11/22,12/1/04,2.5051409,0.048514,,
276,1/11/22,1/11/22,1/1/05,2.5100173,0.0048764,,
277,1/11/22,1/11/22,2/1/05,2.5102561,0.0002388,,
278,1/11/22,1/11/22,3/1/05,2.5879503,0.0776942,,
279,1/11/22,1/11/22,4/1/05,2.6216177,0.0336674,,
280,1/11/22,1/11/22,5/1/05,2.517521,0.1040967,,
281,1/11/22,1/11/22,6/1/05,2.4344919,0.0830291,,
282,1/11/22,1/11/22,7/1/05,2.4881803,0.0536884,,
283,1/11/22,1/11/22,8/1/05,2.5736033,0.085423,,
284,1/11/22,1/11/22,9/1/05,2.4731671,0.1004362,,
285,1/11/22,1/11/22,10/1/05,2.6208315,0.1476644,,
286,1/11/22,1/11/22,11/1/05,2.6323855,0.011554,,
287,1/11/22,1/11/22,12/1/05,2.6210899,0.0112956,,
288,1/11/22,1/11/22,1/1/06,2.5514917,0.0695982,,
289,1/11/22,1/11/22,2/1/06,2.6009027,0.049411,,
290,1/11/22,1/11/22,3/1/06,2.5957146,0.0051881,,
291,1/11/22,1/11/22,4/1/06,2.6865223,0.0908077,,
292,1/11/22,1/11/22,5/1/06,2.7118575,0.0253352,,
293,1/11/22,1/11/22,6/1/06,2.7185982,0.0067407,,
294,1/11/22,1/11/22,7/1/06,2.764009,0.0454108,,
295,1/11/22,1/11/22,8/1/06,2.6731465,0.0908625,,
296,1/11/22,1/11/22,9/1/06,2.5937904,0.0793561,,
297,1/11/22,1/11/22,10/1/06,2.5785058,0.0152846,,
298,1/11/22,1/11/22,11/1/06,2.5065638,0.071942,,
299,1/11/22,1/11/22,12/1/06,2.4757836,0.0307802,,
300,1/11/22,1/11/22,1/1/07,2.6058472,0.1300636,,
301,1/11/22,1/11/22,2/1/07,2.6454116,0.0395644,,
302,1/11/22,1/11/22,3/1/07,2.5414765,0.1039351,,
303,1/11/22,1/11/22,4/1/07,2.5617018,0.0202253,,
304,1/11/22,1/11/22,5/1/07,2.5952088,0.033507,,
305,1/11/22,1/11/22,6/1/07,2.7068347,0.1116259,,
306,1/11/22,1/11/22,7/1/07,2.7041445,0.0026902,,
307,1/11/22,1/11/22,8/1/07,2.5746703,0.1294742,,
308,1/11/22,1/11/22,9/1/07,2.5150229,0.0596474,,
309,1/11/22,1/11/22,10/1/07,2.5656222,0.0505993,,
310,1/11/22,1/11/22,11/1/07,2.4858802,0.079742,,
311,1/11/22,1/11/22,12/1/07,2.2948472,0.191033,,
312,1/11/22,1/11/22,1/1/08,2.3253074,0.0304602,,
313,1/11/22,1/11/22,2/1/08,2.2551014,0.070206,,
314,1/11/22,1/11/22,3/1/08,2.1583562,0.0967452,,
315,1/11/22,1/11/22,4/1/08,2.2086404,0.0502842,,
316,1/11/22,1/11/22,5/1/08,2.3833268,0.1746864,,
317,1/11/22,1/11/22,6/1/08,2.4300876,0.0467608,,
318,1/11/22,1/11/22,7/1/08,2.4556192,0.0255316,,
319,1/11/22,1/11/22,8/1/08,2.4575618,0.0019426,,
320,1/11/22,1/11/22,9/1/08,2.3544129,0.1031489,,
321,1/11/22,1/11/22,10/1/08,2.309814,0.0445989,,
322,1/11/22,1/11/22,11/1/08,2.2556121,0.0542019,,
323,1/11/22,1/11/22,12/1/08,1.9213269,0.3342852,,
324,1/11/22,1/11/22,1/1/09,1.9503585,0.0290316,,
325,1/11/22,1/11/22,2/1/09,1.9950727,0.0447142,,
326,1/11/22,1/11/22,3/1/09,1.997824,0.0027513,,
327,1/11/22,1/11/22,4/1/09,1.9881675,0.0096565,,
328,1/11/22,1/11/22,5/1/09,2.1216951,0.1335276,,
329,1/11/22,1/11/22,6/1/09,2.2465067,0.1248116,,
330,1/11/22,1/11/22,7/1/09,2.266313,0.0198063,,
331,1/11/22,1/11/22,8/1/09,2.2921113,0.0257983,,
332,1/11/22,1/11/22,9/1/09,2.2602739,0.0318374,,
333,1/11/22,1/11/22,10/1/09,2.1944791,0.0657948,,
334,1/11/22,1/11/22,11/1/09,2.2440228,0.0495437,,
335,1/11/22,1/11/22,12/1/09,2.147489,0.0965338,,
336,1/11/22,1/11/22,1/1/10,2.3055272,0.1580382,,
337,1/11/22,1/11/22,2/1/10,2.242172,0.0633552,,
338,1/11/22,1/11/22,3/1/10,2.2251563,0.0170157,,
339,1/11/22,1/11/22,4/1/10,2.284871,0.0597147,,
340,1/11/22,1/11/22,5/1/10,2.2526444,0.0322266,,
341,1/11/22,1/11/22,6/1/10,2.1418565,0.1107879,,
342,1/11/22,1/11/22,7/1/10,2.0307201,0.1111364,,
343,1/11/22,1/11/22,8/1/10,1.9985658,0.0321543,,
344,1/11/22,1/11/22,9/1/10,1.9084262,0.0901396,,
345,1/11/22,1/11/22,10/1/10,1.8859458,0.0224804,,
346,1/11/22,1/11/22,11/1/10,1.8618168,0.024129,,
347,1/11/22,1/11/22,12/1/10,1.980669,0.1188522,,
348,1/11/22,1/11/22,1/1/11,2.1547907,0.1741217,,
349,1/11/22,1/11/22,2/1/11,2.1675117,0.012721,,
350,1/11/22,1/11/22,3/1/11,2.208956,0.0414443,,
351,1/11/22,1/11/22,4/1/11,2.2515181,0.0425621,,
352,1/11/22,1/11/22,5/1/11,2.1905744,0.0609437,,
353,1/11/22,1/11/22,6/1/11,2.085603,0.1049714,,
354,1/11/22,1/11/22,7/1/11,2.1514836,0.0658806,,
355,1/11/22,1/11/22,8/1/11,1.975738,0.1757456,,
356,1/11/22,1/11/22,9/1/11,1.854551,0.121187,,
357,1/11/22,1/11/22,10/1/11,1.8632583,0.0087073,,
358,1/11/22,1/11/22,11/1/11,1.8783636,0.0151053,,
359,1/11/22,1/11/22,12/1/11,1.8980159,0.0196523,,
360,1/11/22,1/11/22,1/1/12,1.8735486,0.0244673,,
361,1/11/22,1/11/22,2/1/12,1.8276097,0.0459389,,
362,1/11/22,1/11/22,3/1/12,1.8597176,0.0321079,,
363,1/11/22,1/11/22,4/1/12,1.9045645,0.0448469,,
364,1/11/22,1/11/22,5/1/12,1.830415,0.0741495,,
365,1/11/22,1/11/22,6/1/12,1.7463794,0.0840356,,
366,1/11/22,1/11/22,7/1/12,1.7851971,0.0388177,,
367,1/11/22,1/11/22,8/1/12,1.7774758,0.0077213,,
368,1/11/22,1/11/22,9/1/12,1.7970556,0.0195798,,
369,1/11/22,1/11/22,10/1/12,1.7874303,0.0096253,,
370,1/11/22,1/11/22,11/1/12,1.7972118,0.0097815,,
371,1/11/22,1/11/22,12/1/12,1.7889441,0.0082677,,
372,1/11/22,1/11/22,1/1/13,1.7863906,0.0025535,,
373,1/11/22,1/11/22,2/1/13,1.8233243,0.0369337,,
374,1/11/22,1/11/22,3/1/13,1.7342368,0.0890875,,
375,1/11/22,1/11/22,4/1/13,1.7588658,0.024629,,
376,1/11/22,1/11/22,5/1/13,1.7307505,0.0281153,,
377,1/11/22,1/11/22,6/1/13,1.8341875,0.103437,,
378,1/11/22,1/11/22,7/1/13,1.9146139,0.0804264,,
379,1/11/22,1/11/22,8/1/13,1.9869981,0.0723842,,
380,1/11/22,1/11/22,9/1/13,2.062418,0.0754199,,
381,1/11/22,1/11/22,10/1/13,1.9674699,0.0949481,,
382,1/11/22,1/11/22,11/1/13,1.9651446,0.0023253,,
383,1/11/22,1/11/22,12/1/13,2.004645,0.0395004,,
384,1/11/22,1/11/22,1/1/14,2.0664155,0.0617705,,
385,1/11/22,1/11/22,2/1/14,2.0040782,0.0623373,,
386,1/11/22,1/11/22,3/1/14,1.9976712,0.006407,,
387,1/11/22,1/11/22,4/1/14,2.0868093,0.0891381,,
388,1/11/22,1/11/22,5/1/14,2.0778391,0.0089702,,
389,1/11/22,1/11/22,6/1/14,2.0552061,0.022633,,
390,1/11/22,1/11/22,7/1/14,2.086036,0.0308299,,
391,1/11/22,1/11/22,8/1/14,2.0833849,0.0026511,,
392,1/11/22,1/11/22,9/1/14,2.1005658,0.0171809,,
393,1/11/22,1/11/22,10/1/14,2.0858257,0.0147401,,
394,1/11/22,1/11/22,11/1/14,2.0485849,0.0372408,,
395,1/11/22,1/11/22,12/1/14,2.0480101,0.0005748,,
396,1/11/22,1/11/22,1/1/15,1.9606272,0.0873829,,
397,1/11/22,1/11/22,2/1/15,1.8514186,0.1092086,,
398,1/11/22,1/11/22,3/1/15,1.9741407,0.1227221,,
399,1/11/22,1/11/22,4/1/15,1.9550009,0.0191398,,
400,1/11/22,1/11/22,5/1/15,2.017258,0.0622571,,
401,1/11/22,1/11/22,6/1/15,2.0396774,0.0224194,,
402,1/11/22,1/11/22,7/1/15,2.0867822,0.0471048,,
403,1/11/22,1/11/22,8/1/15,2.037016,0.0497662,,
404,1/11/22,1/11/22,9/1/15,2.04658894,0.00957294,,
405,1/11/22,1/11/22,10/1/15,1.9912227,0.05536624,,
406,1/11/22,1/11/22,11/1/15,2.0402582,0.0490355,,
407,1/11/22,1/11/22,12/1/15,2.04176419,0.00150599,,
408,1/11/22,1/11/22,1/1/16,2.07234625,0.03058206,,
409,1/11/22,1/11/22,2/1/16,1.9687422,0.10360405,,
410,1/11/22,1/11/22,3/1/16,1.93326997,0.03547223,,
411,1/11/22,1/11/22,4/1/16,1.95454307,0.0212731,,
412,1/11/22,1/11/22,5/1/16,1.98313657,0.0285935,,
413,1/11/22,1/11/22,6/1/16,1.97569584,0.00744073,,
414,1/11/22,1/11/22,7/1/16,1.88834343,0.08735241,,
415,1/11/22,1/11/22,8/1/16,1.90510452,0.01676109,,
416,1/11/22,1/11/22,9/1/16,1.95307087,0.04796635,,
417,1/11/22,1/11/22,10/1/16,1.94568148,0.00738939,,
418,1/11/22,1/11/22,11/1/16,1.98369326,0.03801178,,
419,1/11/22,1/11/22,12/1/16,2.12707441,0.14338115,,
420,1/11/22,1/11/22,1/1/17,2.10618941,0.020885,,
421,1/11/22,1/11/22,2/1/17,2.11198232,0.00579291,,
422,1/11/22,1/11/22,3/1/17,2.09636583,0.01561649,,
423,1/11/22,1/11/22,4/1/17,2.06511902,0.03124681,,
424,1/11/22,1/11/22,5/1/17,2.0572041,0.00791492,,
425,1/11/22,1/11/22,6/1/17,1.98910363,0.06810047,,
426,1/11/22,1/11/22,7/1/17,2.05879566,0.06969203,,
427,1/11/22,1/11/22,8/1/17,2.03309325,0.02570241,,
428,1/11/22,1/11/22,9/1/17,2.04143832,0.00834507,,
429,1/11/22,1/11/22,10/1/17,2.08505413,0.04361581,,
430,1/11/22,1/11/22,11/1/17,2.10651415,0.02146002,,
431,1/11/22,1/11/22,12/1/17,2.14986348,0.04334933,,
432,1/11/22,1/11/22,1/1/18,2.13696602,0.01289746,,
433,1/11/22,1/11/22,2/1/18,2.22261362,0.0856476,,
434,1/11/22,1/11/22,3/1/18,2.15385262,0.068761,,
435,1/11/22,1/11/22,4/1/18,2.15923458,0.00538196,,
436,1/11/22,1/11/22,5/1/18,2.24159533,0.08236075,,
437,1/11/22,1/11/22,6/1/18,2.21779981,0.02379552,,
438,1/11/22,1/11/22,7/1/18,2.23885732,0.02105751,,
439,1/11/22,1/11/22,8/1/18,2.27462408,0.03576676,,
440,1/11/22,1/11/22,9/1/18,2.26098747,0.01363661,,
441,1/11/22,1/11/22,10/1/18,2.29193883,0.03095136,,
442,1/11/22,1/11/22,11/1/18,2.2823972,0.00954163,,
443,1/11/22,1/11/22,12/1/18,2.23748419,0.04491301,,
444,1/11/22,1/11/22,1/1/19,2.13628434,0.10119985,,
445,1/11/22,1/11/22,2/1/19,2.1470192,0.01073486,,
446,1/11/22,1/11/22,3/1/19,1.93654601,0.21047319,,
447,1/11/22,1/11/22,4/1/19,1.95821493,0.02166892,,
448,1/11/22,1/11/22,5/1/19,1.99518797,0.03697304,,
449,1/11/22,1/11/22,6/1/19,1.88487781,0.11031016,,
450,1/11/22,1/11/22,7/1/19,1.9124692,0.02759139,,
451,1/11/22,1/11/22,8/1/19,1.90051606,0.01195314,,
452,1/11/22,1/11/22,9/1/19,1.82400948,0.07650658,,
453,1/11/22,1/11/22,10/1/19,1.88800985,0.06400037,,
454,1/11/22,1/11/22,11/1/19,1.92026832,0.03225847,,
455,1/11/22,1/11/22,12/1/19,1.94845226,0.02818394,,
456,1/11/22,1/11/22,1/1/20,1.96201477,0.01356251,,
457,1/11/22,1/11/22,2/1/20,1.87410465,0.08791012,,
458,1/11/22,1/11/22,3/1/20,1.60983086,0.26427379,,
459,1/11/22,1/11/22,4/1/20,1.56281905,0.04701181,,
460,1/11/22,1/11/22,5/1/20,1.57294173,0.01012268,,
461,1/11/22,1/11/22,6/1/20,1.6030699,0.03012817,,
462,1/11/22,1/11/22,7/1/20,1.65944459,0.05637469,,
463,1/11/22,1/11/22,8/1/20,1.65243667,0.00700792,,
464,1/11/22,1/11/22,9/1/20,1.66477436,0.01233769,,
465,1/11/22,1/11/22,10/1/20,1.66106305,0.00371131,,
466,1/11/22,1/11/22,11/1/20,1.69239107,0.03132802,,
467,1/11/22,1/11/22,12/1/20,1.71752841,0.02513734,,
468,1/11/22,1/11/22,1/1/21,1.6945733,0.02295511,,
469,1/11/22,1/11/22,2/1/21,1.72568905,0.03111575,,
470,1/11/22,1/11/22,3/1/21,1.78653183,0.06084278,,
471,1/11/22,1/11/22,4/1/21,1.84568654,0.05915471,,
472,1/11/22,1/11/22,5/1/21,1.83813447,0.00755207,,
473,1/11/22,1/11/22,6/1/21,1.84534109,0.00720662,,
474,1/11/22,1/11/22,7/1/21,1.86833355,0.02299246,,
475,1/11/22,1/11/22,8/1/21,1.81989461,0.04843894,,
476,1/11/22,1/11/22,9/1/21,1.86329522,0.04340061,,
477,1/11/22,1/11/22,10/1/21,1.86663769,0.00334247,,
478,1/11/22,1/11/22,11/1/21,1.96175436,0.09511667,,
479,1/11/22,1/11/22,12/1/21,1.95086511,0.01088925,,